snr_db,model,mean,std
0.0,bp,0.102374267578125,0.0003856449059164115
0.0,gnn,0.13987223505973817,0.0008328119586232431
0.0,mlp,0.160272216796875,0.0005710454476678813
1.0,bp,0.06748860627412796,0.0013629231943958443
1.0,gnn,0.11248372346162797,0.0006602965633465468
1.0,mlp,0.132781982421875,0.0011400045185275944
2.0,bp,0.03983561173081398,0.0009649430009501854
2.0,gnn,0.08705647885799409,0.0007007244308168148
2.0,mlp,0.10689290463924409,0.001124396696823477
3.0,bp,0.02139078751206398,0.0007331770668078476
3.0,gnn,0.05215454027056694,0.015339142612471587
3.0,mlp,0.08250325471162796,0.0008121985977391382
4.0,bp,0.010611979104578496,0.000554304829615703
4.0,gnn,0.028314208984375,0.014251273840957512
4.0,mlp,0.06140136644244194,0.0015335222298859062
