code,seed,snr_db,perturbation_requested,perturbation_actual,model,ber,bler,test_bce,parameters,num_variables,num_checks,num_edges,density,delta_graph
cyclic_24_12,0,2.0,0.0,0.0,mlp,0.106658935546875,0.93408203125,0.2559051824112733,7384,24,12,72,0.25,0.0189615860581398
cyclic_24_12,0,2.0,0.0,0.0,gnn,0.0876973494887352,0.882080078125,0.21256335017581782,7533,24,12,72,0.25,0.0189615860581398
cyclic_24_12,0,2.0,0.0,0.0,bp,0.0405782051384449,0.365478515625,,0,24,12,72,0.25,0.0189615860581398
cyclic_24_12,1,2.0,0.0,0.0,mlp,0.1057637557387352,0.93115234375,0.2549098953604698,7384,24,12,72,0.25,0.019205734133720398
cyclic_24_12,1,2.0,0.0,0.0,gnn,0.0865580216050148,0.888671875,0.2119452574600776,7533,24,12,72,0.25,0.019205734133720398
cyclic_24_12,1,2.0,0.0,0.0,bp,0.0403849296271801,0.354248046875,,0,24,12,72,0.25,0.019205734133720398
cyclic_24_12,2,2.0,0.0,0.0,mlp,0.1060384139418602,0.930419921875,0.2547475937753916,7384,24,12,72,0.25,0.01995849609375
cyclic_24_12,2,2.0,0.0,0.0,gnn,0.0860799178481102,0.8837890625,0.21178818804522356,7533,24,12,72,0.25,0.01995849609375
cyclic_24_12,2,2.0,0.0,0.0,bp,0.0406392402946949,0.37109375,,0,24,12,72,0.25,0.01995849609375
cyclic_24_12,3,2.0,0.0,0.0,mlp,0.1085205078125,0.935791015625,0.2583725303411484,7384,24,12,72,0.25,0.021087646484375
cyclic_24_12,3,2.0,0.0,0.0,gnn,0.087432861328125,0.88232421875,0.21075414245327315,7533,24,12,72,0.25,0.021087646484375
cyclic_24_12,3,2.0,0.0,0.0,bp,0.038665771484375,0.348876953125,,0,24,12,72,0.25,0.021087646484375
cyclic_24_12,4,2.0,0.0,0.0,mlp,0.10748291015625,0.94091796875,0.2558393031358719,7384,24,12,72,0.25,0.0199686661362648
cyclic_24_12,4,2.0,0.0,0.0,gnn,0.0875142440199852,0.89453125,0.2119157084574302,7533,24,12,72,0.25,0.0199686661362648
cyclic_24_12,4,2.0,0.0,0.0,bp,0.038909912109375,0.348876953125,,0,24,12,72,0.25,0.0199686661362648
cyclic_24_12,0,2.0,0.1,0.09722222222222222,mlp,0.106658935546875,0.93408203125,0.2559051824112733,7384,24,12,72,0.25,0.0190327987074852
cyclic_24_12,0,2.0,0.1,0.09722222222222222,gnn,0.0876261368393898,0.88232421875,0.21258365362882614,7533,24,12,72,0.25,0.0190327987074852
cyclic_24_12,1,2.0,0.1,0.1111111111111111,mlp,0.1057637557387352,0.93115234375,0.2549098953604698,7384,24,12,72,0.25,0.019266769289970398
cyclic_24_12,1,2.0,0.1,0.1111111111111111,gnn,0.0864969864487648,0.888427734375,0.2119698009143273,7533,24,12,72,0.25,0.019266769289970398
cyclic_24_12,2,2.0,0.1,0.1111111111111111,mlp,0.1060384139418602,0.930419921875,0.2547475937753916,7384,24,12,72,0.25,0.0200093612074852
cyclic_24_12,2,2.0,0.1,0.1111111111111111,gnn,0.086029052734375,0.88232421875,0.2117850879828135,7533,24,12,72,0.25,0.0200093612074852
cyclic_24_12,3,2.0,0.1,0.1111111111111111,mlp,0.1085205078125,0.935791015625,0.2583725303411484,7384,24,12,72,0.25,0.0212198868393898
cyclic_24_12,3,2.0,0.1,0.1111111111111111,gnn,0.0873006209731102,0.881103515625,0.2107433540125688,7533,24,12,72,0.25,0.0212198868393898
cyclic_24_12,4,2.0,0.1,0.09722222222222222,mlp,0.10748291015625,0.94091796875,0.2558393031358719,7384,24,12,72,0.25,0.0200093612074852
cyclic_24_12,4,2.0,0.1,0.09722222222222222,gnn,0.0874735489487648,0.894775390625,0.21191679313778877,7533,24,12,72,0.25,0.0200093612074852
cyclic_24_12,0,2.0,0.25,0.2638888888888889,mlp,0.106658935546875,0.93408203125,0.2559051824112733,7384,24,12,72,0.25,0.0190633162856102
cyclic_24_12,0,2.0,0.25,0.2638888888888889,gnn,0.0875956192612648,0.882080078125,0.21256988371411958,7533,24,12,72,0.25,0.0190633162856102
cyclic_24_12,1,2.0,0.25,0.2638888888888889,mlp,0.1057637557387352,0.93115234375,0.2549098953604698,7384,24,12,72,0.25,0.0192769393324852
cyclic_24_12,1,2.0,0.25,0.2638888888888889,gnn,0.08648681640625,0.88916015625,0.2119442131370306,7533,24,12,72,0.25,0.0192769393324852
cyclic_24_12,2,2.0,0.25,0.2638888888888889,mlp,0.1060384139418602,0.930419921875,0.2547475937753916,7384,24,12,72,0.25,0.01983642578125
cyclic_24_12,2,2.0,0.25,0.2638888888888889,gnn,0.0862019881606102,0.884521484375,0.21178177495797476,7533,24,12,72,0.25,0.01983642578125
cyclic_24_12,3,2.0,0.25,0.25,mlp,0.1085205078125,0.935791015625,0.2583725303411484,7384,24,12,72,0.25,0.021148681640625
cyclic_24_12,3,2.0,0.25,0.25,gnn,0.087371826171875,0.88232421875,0.21076249331235886,7533,24,12,72,0.25,0.021148681640625
cyclic_24_12,4,2.0,0.25,0.2638888888888889,mlp,0.10748291015625,0.94091796875,0.2558393031358719,7384,24,12,72,0.25,0.0199788436293602
cyclic_24_12,4,2.0,0.25,0.2638888888888889,gnn,0.0875040665268898,0.894775390625,0.2119079859306415,7533,24,12,72,0.25,0.0199788436293602
cyclic_24_12,0,2.0,0.5,0.5,mlp,0.106658935546875,0.93408203125,0.2559051824112733,7384,24,12,72,0.25,0.01898193359375
cyclic_24_12,0,2.0,0.5,0.5,gnn,0.087677001953125,0.8818359375,0.21257358665267626,7533,24,12,72,0.25,0.01898193359375
cyclic_24_12,1,2.0,0.5,0.5,mlp,0.1057637557387352,0.93115234375,0.2549098953604698,7384,24,12,72,0.25,0.01922607421875
cyclic_24_12,1,2.0,0.5,0.5,gnn,0.0865376815199852,0.888916015625,0.21199011305967966,7533,24,12,72,0.25,0.01922607421875
cyclic_24_12,2,2.0,0.5,0.5138888888888888,mlp,0.1060384139418602,0.930419921875,0.2547475937753916,7384,24,12,72,0.25,0.019805908203125
cyclic_24_12,2,2.0,0.5,0.5138888888888888,gnn,0.0862325057387352,0.885009765625,0.2117766092220942,7533,24,12,72,0.25,0.019805908203125
cyclic_24_12,3,2.0,0.5,0.5,mlp,0.1085205078125,0.935791015625,0.2583725303411484,7384,24,12,72,0.25,0.0211995467543602
cyclic_24_12,3,2.0,0.5,0.5,gnn,0.0873209610581398,0.8818359375,0.21077029779553413,7533,24,12,72,0.25,0.0211995467543602
cyclic_24_12,4,2.0,0.5,0.5,mlp,0.10748291015625,0.94091796875,0.2558393031358719,7384,24,12,72,0.25,0.0200093612074852
cyclic_24_12,4,2.0,0.5,0.5,gnn,0.0874735489487648,0.89501953125,0.21190827960769335,7533,24,12,72,0.25,0.0200093612074852
cyclic_24_12,0,2.0,1.0,0.7361111111111112,mlp,0.106658935546875,0.93408203125,0.2559051824112733,7384,24,12,72,0.25,0.0189005509018898
cyclic_24_12,0,2.0,1.0,0.7361111111111112,gnn,0.0877583846449852,0.8818359375,0.21257227721313635,7533,24,12,72,0.25,0.0189005509018898
cyclic_24_12,1,2.0,1.0,0.7638888888888888,mlp,0.1057637557387352,0.93115234375,0.2549098953604698,7384,24,12,72,0.25,0.01922607421875
cyclic_24_12,1,2.0,1.0,0.7638888888888888,gnn,0.0865376815199852,0.8876953125,0.21199373342096806,7533,24,12,72,0.25,0.01922607421875
cyclic_24_12,2,2.0,1.0,0.8055555555555556,mlp,0.1060384139418602,0.930419921875,0.2547475937753916,7384,24,12,72,0.25,0.0197957381606102
cyclic_24_12,2,2.0,1.0,0.8055555555555556,gnn,0.08624267578125,0.885009765625,0.21184663909176984,7533,24,12,72,0.25,0.0197957381606102
cyclic_24_12,3,2.0,1.0,0.7777777777777778,mlp,0.1085205078125,0.935791015625,0.2583725303411484,7384,24,12,72,0.25,0.02130126953125
cyclic_24_12,3,2.0,1.0,0.7777777777777778,gnn,0.08721923828125,0.880859375,0.21073703654110432,7533,24,12,72,0.25,0.02130126953125
cyclic_24_12,4,2.0,1.0,0.8333333333333334,mlp,0.10748291015625,0.94091796875,0.2558393031358719,7384,24,12,72,0.25,0.0199381485581398
cyclic_24_12,4,2.0,1.0,0.8333333333333334,gnn,0.0875447615981102,0.89501953125,0.21191954674820104,7533,24,12,72,0.25,0.0199381485581398
