code,seed,snr_db,perturbation_requested,perturbation_actual,num_variables,num_checks,num_edges,density,gnn,mlp,delta_graph,roc_auc,average_precision,reconstruction_model,negative_sampling
cyclic_24_12,0,2.0,0.0,0.0,24,12,72,0.25,0.0876973494887352,0.106658935546875,0.0189615860581398,0.4710743801652892,0.4696315541029263,logistic_regression,uniform
cyclic_24_12,0,2.0,0.1,0.0972222222222222,24,12,72,0.25,0.0876261368393898,0.106658935546875,0.0190327987074852,0.4462809917355372,0.4562557734694459,logistic_regression,uniform
cyclic_24_12,0,2.0,0.25,0.2638888888888889,24,12,72,0.25,0.0875956192612648,0.106658935546875,0.0190633162856102,0.402892561983471,0.4430976407532039,logistic_regression,uniform
cyclic_24_12,0,2.0,0.5,0.5,24,12,72,0.25,0.087677001953125,0.106658935546875,0.01898193359375,0.396694214876033,0.4644265750848977,logistic_regression,uniform
cyclic_24_12,0,2.0,1.0,0.7361111111111112,24,12,72,0.25,0.0877583846449852,0.106658935546875,0.0189005509018898,0.4090909090909091,0.4743193416967828,logistic_regression,uniform
cyclic_24_12,1,2.0,0.0,0.0,24,12,72,0.25,0.0865580216050148,0.1057637557387352,0.019205734133720398,0.4132231404958678,0.4768450771886495,logistic_regression,uniform
cyclic_24_12,1,2.0,0.1,0.1111111111111111,24,12,72,0.25,0.0864969864487648,0.1057637557387352,0.019266769289970398,0.3760330578512397,0.4608698627520006,logistic_regression,uniform
cyclic_24_12,1,2.0,0.25,0.2638888888888889,24,12,72,0.25,0.08648681640625,0.1057637557387352,0.0192769393324852,0.3615702479338843,0.4528617335421392,logistic_regression,uniform
cyclic_24_12,1,2.0,0.5,0.5,24,12,72,0.25,0.0865376815199852,0.1057637557387352,0.01922607421875,0.4421487603305785,0.5226111086633185,logistic_regression,uniform
cyclic_24_12,1,2.0,1.0,0.7638888888888888,24,12,72,0.25,0.0865376815199852,0.1057637557387352,0.01922607421875,0.4152892561983471,0.4652621817725459,logistic_regression,uniform
cyclic_24_12,2,2.0,0.0,0.0,24,12,72,0.25,0.0860799178481102,0.1060384139418602,0.01995849609375,0.4152892561983471,0.4802905477331577,logistic_regression,uniform
cyclic_24_12,2,2.0,0.1,0.1111111111111111,24,12,72,0.25,0.086029052734375,0.1060384139418602,0.0200093612074852,0.493801652892562,0.5370458950956034,logistic_regression,uniform
cyclic_24_12,2,2.0,0.25,0.2638888888888889,24,12,72,0.25,0.0862019881606102,0.1060384139418602,0.01983642578125,0.4421487603305785,0.4583140177434929,logistic_regression,uniform
cyclic_24_12,2,2.0,0.5,0.5138888888888888,24,12,72,0.25,0.0862325057387352,0.1060384139418602,0.019805908203125,0.6074380165289256,0.574796662871492,logistic_regression,uniform
cyclic_24_12,2,2.0,1.0,0.8055555555555556,24,12,72,0.25,0.08624267578125,0.1060384139418602,0.0197957381606102,0.4896694214876033,0.5209672504516016,logistic_regression,uniform
cyclic_24_12,3,2.0,0.0,0.0,24,12,72,0.25,0.087432861328125,0.1085205078125,0.021087646484375,0.4111570247933884,0.4506318530735677,logistic_regression,uniform
cyclic_24_12,3,2.0,0.1,0.1111111111111111,24,12,72,0.25,0.0873006209731102,0.1085205078125,0.0212198868393898,0.3760330578512397,0.4659768464608425,logistic_regression,uniform
cyclic_24_12,3,2.0,0.25,0.25,24,12,72,0.25,0.087371826171875,0.1085205078125,0.021148681640625,0.3429752066115702,0.4166570241036153,logistic_regression,uniform
cyclic_24_12,3,2.0,0.5,0.5,24,12,72,0.25,0.0873209610581398,0.1085205078125,0.0211995467543602,0.4524793388429752,0.5388571357554031,logistic_regression,uniform
cyclic_24_12,3,2.0,1.0,0.7777777777777778,24,12,72,0.25,0.08721923828125,0.1085205078125,0.02130126953125,0.4628099173553719,0.5270210323539817,logistic_regression,uniform
cyclic_24_12,4,2.0,0.0,0.0,24,12,72,0.25,0.0875142440199852,0.10748291015625,0.0199686661362648,0.3491735537190082,0.4401164357505628,logistic_regression,uniform
cyclic_24_12,4,2.0,0.1,0.0972222222222222,24,12,72,0.25,0.0874735489487648,0.10748291015625,0.0200093612074852,0.3388429752066115,0.4348724687056272,logistic_regression,uniform
cyclic_24_12,4,2.0,0.25,0.2638888888888889,24,12,72,0.25,0.0875040665268898,0.10748291015625,0.0199788436293602,0.3553719008264462,0.4404203903289737,logistic_regression,uniform
cyclic_24_12,4,2.0,0.5,0.5,24,12,72,0.25,0.0874735489487648,0.10748291015625,0.0200093612074852,0.371900826446281,0.4388068195195729,logistic_regression,uniform
cyclic_24_12,4,2.0,1.0,0.8333333333333334,24,12,72,0.25,0.0875447615981102,0.10748291015625,0.0199381485581398,0.6053719008264463,0.6133004333365587,logistic_regression,uniform
