,,roc_auc,roc_auc,average_precision,average_precision
,,mean,std,mean,std
negative_sampling,model,,,,
hard,cosine,0.16458677685950412,0.06389716824078423,0.37980081012445166,0.03399541287320086
hard,euclidean,0.16545454545454547,0.06481610008251718,0.3798534229201184,0.03435823966326951
hard,logistic_regression,0.7906198347107438,0.0865134398776649,0.8517457968988361,0.06625859283373069
hard,small_mlp,0.7569421487603306,0.08469789259503624,0.8025942518757315,0.0768504871819455
uniform,cosine,0.525206611570248,0.07767651677673328,0.54368724251593,0.06038936652915561
uniform,euclidean,0.5074793388429752,0.07206228309810282,0.5362119689062448,0.05823357880439319
uniform,logistic_regression,0.42595041322314053,0.07026990824676496,0.4809702264923985,0.04796926564512787
uniform,small_mlp,0.49028925619834707,0.09961243925381344,0.5417598915529777,0.07378791573583984
