code,seed,perturbation_requested,perturbation_actual,negative_sampling,model,roc_auc,average_precision,num_variables,num_checks,num_edges,density
cyclic_24_12,0,0.0,0.0,uniform,logistic_regression,0.47107438016528924,0.4696315541029263,24,12,72,0.25
cyclic_24_12,0,0.0,0.0,uniform,small_mlp,0.390495867768595,0.4431693504122927,24,12,72,0.25
cyclic_24_12,0,0.0,0.0,uniform,cosine,0.5909090909090909,0.5944970129065562,24,12,72,0.25
cyclic_24_12,0,0.0,0.0,uniform,euclidean,0.5392561983471075,0.576964780385449,24,12,72,0.25
cyclic_24_12,0,0.0,0.0,hard,logistic_regression,0.7665289256198347,0.8348646769660949,24,12,72,0.25
cyclic_24_12,0,0.0,0.0,hard,small_mlp,0.7086776859504132,0.8012542560096908,24,12,72,0.25
cyclic_24_12,0,0.0,0.0,hard,cosine,0.21074380165289255,0.4085106363406899,24,12,72,0.25
cyclic_24_12,0,0.0,0.0,hard,euclidean,0.21074380165289255,0.407314839902958,24,12,72,0.25
cyclic_24_12,0,0.1,0.09722222222222222,uniform,logistic_regression,0.4462809917355372,0.45625577346944596,24,12,72,0.25
cyclic_24_12,0,0.1,0.09722222222222222,uniform,small_mlp,0.3574380165289256,0.41079154530204726,24,12,72,0.25
cyclic_24_12,0,0.1,0.09722222222222222,uniform,cosine,0.5785123966942148,0.5920632150780215,24,12,72,0.25
cyclic_24_12,0,0.1,0.09722222222222222,uniform,euclidean,0.5268595041322314,0.5718961783031195,24,12,72,0.25
cyclic_24_12,0,0.1,0.09722222222222222,hard,logistic_regression,0.7396694214876033,0.8358413851484805,24,12,72,0.25
cyclic_24_12,0,0.1,0.09722222222222222,hard,small_mlp,0.7520661157024794,0.8110821774884197,24,12,72,0.25
cyclic_24_12,0,0.1,0.09722222222222222,hard,cosine,0.2024793388429752,0.40318891260987527,24,12,72,0.25
cyclic_24_12,0,0.1,0.09722222222222222,hard,euclidean,0.20041322314049587,0.4026855271064898,24,12,72,0.25
cyclic_24_12,0,0.25,0.2638888888888889,uniform,logistic_regression,0.40289256198347106,0.4430976407532039,24,12,72,0.25
cyclic_24_12,0,0.25,0.2638888888888889,uniform,small_mlp,0.2809917355371901,0.39395957012619626,24,12,72,0.25
cyclic_24_12,0,0.25,0.2638888888888889,uniform,cosine,0.5516528925619835,0.5773719798767497,24,12,72,0.25
cyclic_24_12,0,0.25,0.2638888888888889,uniform,euclidean,0.49793388429752067,0.555262361331549,24,12,72,0.25
cyclic_24_12,0,0.25,0.2638888888888889,hard,logistic_regression,0.7045454545454546,0.8065931769249141,24,12,72,0.25
cyclic_24_12,0,0.25,0.2638888888888889,hard,small_mlp,0.7293388429752066,0.8116799825779868,24,12,72,0.25
cyclic_24_12,0,0.25,0.2638888888888889,hard,cosine,0.22727272727272727,0.4074282340204356,24,12,72,0.25
cyclic_24_12,0,0.25,0.2638888888888889,hard,euclidean,0.2334710743801653,0.41013386172606336,24,12,72,0.25
cyclic_24_12,0,0.5,0.5,uniform,logistic_regression,0.39669421487603307,0.4644265750848977,24,12,72,0.25
cyclic_24_12,0,0.5,0.5,uniform,small_mlp,0.38016528925619836,0.44711657286626677,24,12,72,0.25
cyclic_24_12,0,0.5,0.5,uniform,cosine,0.6033057851239669,0.5953356693440596,24,12,72,0.25
cyclic_24_12,0,0.5,0.5,uniform,euclidean,0.5640495867768595,0.5772460290781228,24,12,72,0.25
cyclic_24_12,0,0.5,0.5,hard,logistic_regression,0.8099173553719008,0.8828731674752089,24,12,72,0.25
cyclic_24_12,0,0.5,0.5,hard,small_mlp,0.7727272727272727,0.8127034754932985,24,12,72,0.25
cyclic_24_12,0,0.5,0.5,hard,cosine,0.16115702479338842,0.41882423060458845,24,12,72,0.25
cyclic_24_12,0,0.5,0.5,hard,euclidean,0.16735537190082644,0.4206653692639089,24,12,72,0.25
cyclic_24_12,0,1.0,0.7361111111111112,uniform,logistic_regression,0.4090909090909091,0.47431934169678286,24,12,72,0.25
cyclic_24_12,0,1.0,0.7361111111111112,uniform,small_mlp,0.3419421487603306,0.41887232527904356,24,12,72,0.25
cyclic_24_12,0,1.0,0.7361111111111112,uniform,cosine,0.6198347107438017,0.6137916979701091,24,12,72,0.25
cyclic_24_12,0,1.0,0.7361111111111112,uniform,euclidean,0.5764462809917356,0.5982910347555754,24,12,72,0.25
cyclic_24_12,0,1.0,0.7361111111111112,hard,logistic_regression,0.6301652892561983,0.7391168011622556,24,12,72,0.25
cyclic_24_12,0,1.0,0.7361111111111112,hard,small_mlp,0.7086776859504132,0.7517219599328882,24,12,72,0.25
cyclic_24_12,0,1.0,0.7361111111111112,hard,cosine,0.32334710743801653,0.45045511626199314,24,12,72,0.25
cyclic_24_12,0,1.0,0.7361111111111112,hard,euclidean,0.32954545454545453,0.45217740380963956,24,12,72,0.25
cyclic_24_12,1,0.0,0.0,uniform,logistic_regression,0.4132231404958678,0.47684507718864955,24,12,72,0.25
cyclic_24_12,1,0.0,0.0,uniform,small_mlp,0.5640495867768595,0.5483496958248885,24,12,72,0.25
cyclic_24_12,1,0.0,0.0,uniform,cosine,0.5619834710743802,0.5757241806972838,24,12,72,0.25
cyclic_24_12,1,0.0,0.0,uniform,euclidean,0.5681818181818182,0.5858967407159077,24,12,72,0.25
cyclic_24_12,1,0.0,0.0,hard,logistic_regression,0.7995867768595041,0.8741627415969521,24,12,72,0.25
cyclic_24_12,1,0.0,0.0,hard,small_mlp,0.7840909090909091,0.8265470394837009,24,12,72,0.25
cyclic_24_12,1,0.0,0.0,hard,cosine,0.16735537190082644,0.3952164954995272,24,12,72,0.25
cyclic_24_12,1,0.0,0.0,hard,euclidean,0.16735537190082644,0.3952164954995272,24,12,72,0.25
cyclic_24_12,1,0.1,0.1111111111111111,uniform,logistic_regression,0.3760330578512397,0.4608698627520006,24,12,72,0.25
cyclic_24_12,1,0.1,0.1111111111111111,uniform,small_mlp,0.5692148760330579,0.5986402679092931,24,12,72,0.25
cyclic_24_12,1,0.1,0.1111111111111111,uniform,cosine,0.5082644628099173,0.512506246869621,24,12,72,0.25
cyclic_24_12,1,0.1,0.1111111111111111,uniform,euclidean,0.5041322314049587,0.5155658799570124,24,12,72,0.25
cyclic_24_12,1,0.1,0.1111111111111111,hard,logistic_regression,0.9049586776859504,0.9431506465338093,24,12,72,0.25
cyclic_24_12,1,0.1,0.1111111111111111,hard,small_mlp,0.7778925619834711,0.8266485531759873,24,12,72,0.25
cyclic_24_12,1,0.1,0.1111111111111111,hard,cosine,0.09917355371900827,0.37216446335658593,24,12,72,0.25
cyclic_24_12,1,0.1,0.1111111111111111,hard,euclidean,0.09917355371900827,0.37216446335658593,24,12,72,0.25
cyclic_24_12,1,0.25,0.2638888888888889,uniform,logistic_regression,0.3615702479338843,0.45286173354213927,24,12,72,0.25
cyclic_24_12,1,0.25,0.2638888888888889,uniform,small_mlp,0.5020661157024794,0.604149440320637,24,12,72,0.25
cyclic_24_12,1,0.25,0.2638888888888889,uniform,cosine,0.628099173553719,0.5943017397065555,24,12,72,0.25
cyclic_24_12,1,0.25,0.2638888888888889,uniform,euclidean,0.6136363636363636,0.5991451121365599,24,12,72,0.25
cyclic_24_12,1,0.25,0.2638888888888889,hard,logistic_regression,0.7582644628099173,0.8555185366958622,24,12,72,0.25
cyclic_24_12,1,0.25,0.2638888888888889,hard,small_mlp,0.7355371900826446,0.6825619958114211,24,12,72,0.25
cyclic_24_12,1,0.25,0.2638888888888889,hard,cosine,0.16322314049586778,0.3886290903475287,24,12,72,0.25
cyclic_24_12,1,0.25,0.2638888888888889,hard,euclidean,0.17355371900826447,0.3912655665956202,24,12,72,0.25
cyclic_24_12,1,0.5,0.5,uniform,logistic_regression,0.44214876033057854,0.5226111086633185,24,12,72,0.25
cyclic_24_12,1,0.5,0.5,uniform,small_mlp,0.5723140495867769,0.6418395754391498,24,12,72,0.25
cyclic_24_12,1,0.5,0.5,uniform,cosine,0.5599173553719008,0.5213537369550669,24,12,72,0.25
cyclic_24_12,1,0.5,0.5,uniform,euclidean,0.5330578512396694,0.5154261962322999,24,12,72,0.25
cyclic_24_12,1,0.5,0.5,hard,logistic_regression,0.7200413223140496,0.7268395755398497,24,12,72,0.25
cyclic_24_12,1,0.5,0.5,hard,small_mlp,0.7210743801652892,0.7681601029660704,24,12,72,0.25
cyclic_24_12,1,0.5,0.5,hard,cosine,0.13016528925619836,0.34033173398774297,24,12,72,0.25
cyclic_24_12,1,0.5,0.5,hard,euclidean,0.13429752066115702,0.341430383492412,24,12,72,0.25
cyclic_24_12,1,1.0,0.7638888888888888,uniform,logistic_regression,0.4152892561983471,0.4652621817725459,24,12,72,0.25
cyclic_24_12,1,1.0,0.7638888888888888,uniform,small_mlp,0.5433884297520661,0.5656935493768668,24,12,72,0.25
cyclic_24_12,1,1.0,0.7638888888888888,uniform,cosine,0.45867768595041325,0.5356401063031998,24,12,72,0.25
cyclic_24_12,1,1.0,0.7638888888888888,uniform,euclidean,0.46797520661157027,0.5329314663596006,24,12,72,0.25
cyclic_24_12,1,1.0,0.7638888888888888,hard,logistic_regression,0.8760330578512396,0.9167656103111526,24,12,72,0.25
cyclic_24_12,1,1.0,0.7638888888888888,hard,small_mlp,0.8264462809917356,0.8956934202201334,24,12,72,0.25
cyclic_24_12,1,1.0,0.7638888888888888,hard,cosine,0.15702479338842976,0.378170367783543,24,12,72,0.25
cyclic_24_12,1,1.0,0.7638888888888888,hard,euclidean,0.15495867768595042,0.3776545120284528,24,12,72,0.25
cyclic_24_12,2,0.0,0.0,uniform,logistic_regression,0.4152892561983471,0.48029054773315777,24,12,72,0.25
cyclic_24_12,2,0.0,0.0,uniform,small_mlp,0.5671487603305785,0.6037131845436492,24,12,72,0.25
cyclic_24_12,2,0.0,0.0,uniform,cosine,0.6528925619834711,0.679161674368667,24,12,72,0.25
cyclic_24_12,2,0.0,0.0,uniform,euclidean,0.6425619834710744,0.6678115786363867,24,12,72,0.25
cyclic_24_12,2,0.0,0.0,hard,logistic_regression,0.7210743801652892,0.8093089979353746,24,12,72,0.25
cyclic_24_12,2,0.0,0.0,hard,small_mlp,0.7066115702479339,0.6901568689294095,24,12,72,0.25
cyclic_24_12,2,0.0,0.0,hard,cosine,0.20867768595041322,0.4343406354661435,24,12,72,0.25
cyclic_24_12,2,0.0,0.0,hard,euclidean,0.21384297520661158,0.43378280175295086,24,12,72,0.25
cyclic_24_12,2,0.1,0.1111111111111111,uniform,logistic_regression,0.493801652892562,0.5370458950956034,24,12,72,0.25
cyclic_24_12,2,0.1,0.1111111111111111,uniform,small_mlp,0.5723140495867769,0.6311980210040162,24,12,72,0.25
cyclic_24_12,2,0.1,0.1111111111111111,uniform,cosine,0.5330578512396694,0.5862550016897958,24,12,72,0.25
cyclic_24_12,2,0.1,0.1111111111111111,uniform,euclidean,0.496900826446281,0.5567888059523726,24,12,72,0.25
cyclic_24_12,2,0.1,0.1111111111111111,hard,logistic_regression,0.7479338842975206,0.8447795949824347,24,12,72,0.25
cyclic_24_12,2,0.1,0.1111111111111111,hard,small_mlp,0.7396694214876033,0.7456766282672768,24,12,72,0.25
cyclic_24_12,2,0.1,0.1111111111111111,hard,cosine,0.1384297520661157,0.3828456924588676,24,12,72,0.25
cyclic_24_12,2,0.1,0.1111111111111111,hard,euclidean,0.14049586776859505,0.3833773245694471,24,12,72,0.25
cyclic_24_12,2,0.25,0.2638888888888889,uniform,logistic_regression,0.44214876033057854,0.45831401774349295,24,12,72,0.25
cyclic_24_12,2,0.25,0.2638888888888889,uniform,small_mlp,0.4380165289256198,0.5159234455364605,24,12,72,0.25
cyclic_24_12,2,0.25,0.2638888888888889,uniform,cosine,0.40082644628099173,0.4884695316143089,24,12,72,0.25
cyclic_24_12,2,0.25,0.2638888888888889,uniform,euclidean,0.3760330578512397,0.4752922402682335,24,12,72,0.25
cyclic_24_12,2,0.25,0.2638888888888889,hard,logistic_regression,0.8966942148760331,0.9339977313239345,24,12,72,0.25
cyclic_24_12,2,0.25,0.2638888888888889,hard,small_mlp,0.8966942148760331,0.9237650228933433,24,12,72,0.25
cyclic_24_12,2,0.25,0.2638888888888889,hard,cosine,0.09297520661157024,0.37126258745471,24,12,72,0.25
cyclic_24_12,2,0.25,0.2638888888888889,hard,euclidean,0.09090909090909091,0.37086386337177546,24,12,72,0.25
cyclic_24_12,2,0.5,0.5138888888888888,uniform,logistic_regression,0.6074380165289256,0.574796662871492,24,12,72,0.25
cyclic_24_12,2,0.5,0.5138888888888888,uniform,small_mlp,0.5020661157024794,0.5704820550965085,24,12,72,0.25
cyclic_24_12,2,0.5,0.5138888888888888,uniform,cosine,0.45661157024793386,0.46243308090256724,24,12,72,0.25
cyclic_24_12,2,0.5,0.5138888888888888,uniform,euclidean,0.4152892561983471,0.4341651312013599,24,12,72,0.25
cyclic_24_12,2,0.5,0.5138888888888888,hard,logistic_regression,0.981404958677686,0.9850756439961837,24,12,72,0.25
cyclic_24_12,2,0.5,0.5138888888888888,hard,small_mlp,0.8615702479338843,0.8837974218603264,24,12,72,0.25
cyclic_24_12,2,0.5,0.5138888888888888,hard,cosine,0.01652892561983471,0.31911667177618563,24,12,72,0.25
cyclic_24_12,2,0.5,0.5138888888888888,hard,euclidean,0.014462809917355372,0.31895198139410397,24,12,72,0.25
cyclic_24_12,2,1.0,0.8055555555555556,uniform,logistic_regression,0.4896694214876033,0.5209672504516016,24,12,72,0.25
cyclic_24_12,2,1.0,0.8055555555555556,uniform,small_mlp,0.5330578512396694,0.560175728205844,24,12,72,0.25
cyclic_24_12,2,1.0,0.8055555555555556,uniform,cosine,0.5330578512396694,0.5912354278835164,24,12,72,0.25
cyclic_24_12,2,1.0,0.8055555555555556,uniform,euclidean,0.5382231404958677,0.5960248425390062,24,12,72,0.25
cyclic_24_12,2,1.0,0.8055555555555556,hard,logistic_regression,0.8305785123966942,0.8182302639662619,24,12,72,0.25
cyclic_24_12,2,1.0,0.8055555555555556,hard,small_mlp,0.8192148760330579,0.8575299220018473,24,12,72,0.25
cyclic_24_12,2,1.0,0.8055555555555556,hard,cosine,0.15082644628099173,0.42126063001173625,24,12,72,0.25
cyclic_24_12,2,1.0,0.8055555555555556,hard,euclidean,0.1487603305785124,0.4207821611122147,24,12,72,0.25
cyclic_24_12,3,0.0,0.0,uniform,logistic_regression,0.41115702479338845,0.45063185307356773,24,12,72,0.25
cyclic_24_12,3,0.0,0.0,uniform,small_mlp,0.6229338842975206,0.57546614290207,24,12,72,0.25
cyclic_24_12,3,0.0,0.0,uniform,cosine,0.518595041322314,0.529043591935456,24,12,72,0.25
cyclic_24_12,3,0.0,0.0,uniform,euclidean,0.4927685950413223,0.5153820718897205,24,12,72,0.25
cyclic_24_12,3,0.0,0.0,hard,logistic_regression,0.6797520661157025,0.789925836888009,24,12,72,0.25
cyclic_24_12,3,0.0,0.0,hard,small_mlp,0.5764462809917356,0.7137756954777754,24,12,72,0.25
cyclic_24_12,3,0.0,0.0,hard,cosine,0.17148760330578514,0.3622223692843978,24,12,72,0.25
cyclic_24_12,3,0.0,0.0,hard,euclidean,0.17148760330578514,0.3626223384787079,24,12,72,0.25
cyclic_24_12,3,0.1,0.1111111111111111,uniform,logistic_regression,0.3760330578512397,0.4659768464608425,24,12,72,0.25
cyclic_24_12,3,0.1,0.1111111111111111,uniform,small_mlp,0.5433884297520661,0.5391772822732303,24,12,72,0.25
cyclic_24_12,3,0.1,0.1111111111111111,uniform,cosine,0.6157024793388429,0.6039492083857647,24,12,72,0.25
cyclic_24_12,3,0.1,0.1111111111111111,uniform,euclidean,0.5929752066115702,0.5935562333615034,24,12,72,0.25
cyclic_24_12,3,0.1,0.1111111111111111,hard,logistic_regression,0.6466942148760331,0.7188739287176781,24,12,72,0.25
cyclic_24_12,3,0.1,0.1111111111111111,hard,small_mlp,0.5723140495867769,0.654981834997547,24,12,72,0.25
cyclic_24_12,3,0.1,0.1111111111111111,hard,cosine,0.2892561983471074,0.4130971231334435,24,12,72,0.25
cyclic_24_12,3,0.1,0.1111111111111111,hard,euclidean,0.2892561983471074,0.41379388695018693,24,12,72,0.25
cyclic_24_12,3,0.25,0.25,uniform,logistic_regression,0.34297520661157027,0.4166570241036153,24,12,72,0.25
cyclic_24_12,3,0.25,0.25,uniform,small_mlp,0.4617768595041322,0.4765553468076609,24,12,72,0.25
cyclic_24_12,3,0.25,0.25,uniform,cosine,0.5041322314049587,0.5179107555120396,24,12,72,0.25
cyclic_24_12,3,0.25,0.25,uniform,euclidean,0.47107438016528924,0.504009199058297,24,12,72,0.25
cyclic_24_12,3,0.25,0.25,hard,logistic_regression,0.8367768595041323,0.8693639785190371,24,12,72,0.25
cyclic_24_12,3,0.25,0.25,hard,small_mlp,0.6446280991735537,0.716299673640955,24,12,72,0.25
cyclic_24_12,3,0.25,0.25,hard,cosine,0.1962809917355372,0.3722709066056625,24,12,72,0.25
cyclic_24_12,3,0.25,0.25,hard,euclidean,0.19834710743801653,0.3728298369226573,24,12,72,0.25
cyclic_24_12,3,0.5,0.5,uniform,logistic_regression,0.4524793388429752,0.5388571357554031,24,12,72,0.25
cyclic_24_12,3,0.5,0.5,uniform,small_mlp,0.6198347107438017,0.6259507731334558,24,12,72,0.25
cyclic_24_12,3,0.5,0.5,uniform,cosine,0.5371900826446281,0.5262874244092978,24,12,72,0.25
cyclic_24_12,3,0.5,0.5,uniform,euclidean,0.49586776859504134,0.5113148701137313,24,12,72,0.25
cyclic_24_12,3,0.5,0.5,hard,logistic_regression,0.7871900826446281,0.8486632828204249,24,12,72,0.25
cyclic_24_12,3,0.5,0.5,hard,small_mlp,0.6446280991735537,0.706358819064918,24,12,72,0.25
cyclic_24_12,3,0.5,0.5,hard,cosine,0.1859504132231405,0.36626382591206136,24,12,72,0.25
cyclic_24_12,3,0.5,0.5,hard,euclidean,0.18181818181818182,0.36372886087709627,24,12,72,0.25
cyclic_24_12,3,1.0,0.7777777777777778,uniform,logistic_regression,0.4628099173553719,0.5270210323539817,24,12,72,0.25
cyclic_24_12,3,1.0,0.7777777777777778,uniform,small_mlp,0.5919421487603306,0.5998212135347211,24,12,72,0.25
cyclic_24_12,3,1.0,0.7777777777777778,uniform,cosine,0.5413223140495868,0.533388074363284,24,12,72,0.25
cyclic_24_12,3,1.0,0.7777777777777778,uniform,euclidean,0.5258264462809917,0.5238558271771088,24,12,72,0.25
cyclic_24_12,3,1.0,0.7777777777777778,hard,logistic_regression,0.8181818181818182,0.8733804415141858,24,12,72,0.25
cyclic_24_12,3,1.0,0.7777777777777778,hard,small_mlp,0.8016528925619835,0.8608014327934115,24,12,72,0.25
cyclic_24_12,3,1.0,0.7777777777777778,hard,cosine,0.1652892561983471,0.36091865401295053,24,12,72,0.25
cyclic_24_12,3,1.0,0.7777777777777778,hard,euclidean,0.16322314049586778,0.3604245828667054,24,12,72,0.25
cyclic_24_12,4,0.0,0.0,uniform,logistic_regression,0.34917355371900827,0.4401164357505628,24,12,72,0.25
cyclic_24_12,4,0.0,0.0,uniform,small_mlp,0.3615702479338843,0.5266813197424919,24,12,72,0.25
cyclic_24_12,4,0.0,0.0,uniform,cosine,0.40289256198347106,0.47658102038210326,24,12,72,0.25
cyclic_24_12,4,0.0,0.0,uniform,euclidean,0.41115702479338845,0.4828915587983383,24,12,72,0.25
cyclic_24_12,4,0.0,0.0,hard,logistic_regression,0.9049586776859504,0.9256595647585637,24,12,72,0.25
cyclic_24_12,4,0.0,0.0,hard,small_mlp,0.8615702479338843,0.8982284622060868,24,12,72,0.25
cyclic_24_12,4,0.0,0.0,hard,cosine,0.10743801652892562,0.34043675459538436,24,12,72,0.25
cyclic_24_12,4,0.0,0.0,hard,euclidean,0.10537190082644628,0.3399582856958628,24,12,72,0.25
cyclic_24_12,4,0.1,0.09722222222222222,uniform,logistic_regression,0.33884297520661155,0.43487246870562724,24,12,72,0.25
cyclic_24_12,4,0.1,0.09722222222222222,uniform,small_mlp,0.43078512396694213,0.5557285190581512,24,12,72,0.25
cyclic_24_12,4,0.1,0.09722222222222222,uniform,cosine,0.3925619834710744,0.437797962374997,24,12,72,0.25
cyclic_24_12,4,0.1,0.09722222222222222,uniform,euclidean,0.3987603305785124,0.4425900491353627,24,12,72,0.25
cyclic_24_12,4,0.1,0.09722222222222222,hard,logistic_regression,0.8801652892561983,0.9140126524269774,24,12,72,0.25
cyclic_24_12,4,0.1,0.09722222222222222,hard,small_mlp,0.8326446280991735,0.8792486479986479,24,12,72,0.25
cyclic_24_12,4,0.1,0.09722222222222222,hard,cosine,0.09090909090909091,0.3318774776150547,24,12,72,0.25
cyclic_24_12,4,0.1,0.09722222222222222,hard,euclidean,0.09504132231404959,0.33236169965100093,24,12,72,0.25
cyclic_24_12,4,0.25,0.2638888888888889,uniform,logistic_regression,0.35537190082644626,0.44042039032897373,24,12,72,0.25
cyclic_24_12,4,0.25,0.2638888888888889,uniform,small_mlp,0.44421487603305787,0.5183857973545851,24,12,72,0.25
cyclic_24_12,4,0.25,0.2638888888888889,uniform,cosine,0.4297520661157025,0.4614625745879383,24,12,72,0.25
cyclic_24_12,4,0.25,0.2638888888888889,uniform,euclidean,0.44214876033057854,0.4675041554752243,24,12,72,0.25
cyclic_24_12,4,0.25,0.2638888888888889,hard,logistic_regression,0.7706611570247934,0.8320326174077113,24,12,72,0.25
cyclic_24_12,4,0.25,0.2638888888888889,hard,small_mlp,0.8026859504132231,0.8110749601420376,24,12,72,0.25
cyclic_24_12,4,0.25,0.2638888888888889,hard,cosine,0.12396694214876033,0.3410461177645561,24,12,72,0.25
cyclic_24_12,4,0.25,0.2638888888888889,hard,euclidean,0.12190082644628099,0.3404480316401542,24,12,72,0.25
cyclic_24_12,4,0.5,0.5,uniform,logistic_regression,0.371900826446281,0.4388068195195729,24,12,72,0.25
cyclic_24_12,4,0.5,0.5,uniform,small_mlp,0.43388429752066116,0.532620081404083,24,12,72,0.25
cyclic_24_12,4,0.5,0.5,uniform,cosine,0.5516528925619835,0.538153504014188,24,12,72,0.25
cyclic_24_12,4,0.5,0.5,uniform,euclidean,0.5929752066115702,0.5561732471538995,24,12,72,0.25
cyclic_24_12,4,0.5,0.5,hard,logistic_regression,0.7396694214876033,0.8365368560627805,24,12,72,0.25
cyclic_24_12,4,0.5,0.5,hard,small_mlp,0.8181818181818182,0.8680947512048494,24,12,72,0.25
cyclic_24_12,4,0.5,0.5,hard,cosine,0.2024793388429752,0.37068437237653273,24,12,72,0.25
cyclic_24_12,4,0.5,0.5,hard,euclidean,0.19421487603305784,0.3673160921570153,24,12,72,0.25
cyclic_24_12,4,1.0,0.8333333333333334,uniform,logistic_regression,0.6053719008264463,0.6133004333365587,24,12,72,0.25
cyclic_24_12,4,1.0,0.8333333333333334,uniform,small_mlp,0.6322314049586777,0.6395364853708337,24,12,72,0.25
cyclic_24_12,4,1.0,0.8333333333333334,uniform,cosine,0.3987603305785124,0.4474666447671044,24,12,72,0.25
cyclic_24_12,4,1.0,0.8333333333333334,uniform,euclidean,0.40289256198347106,0.44931363264037816,24,12,72,0.25
cyclic_24_12,4,1.0,0.8333333333333334,hard,logistic_regression,0.8140495867768595,0.8780772127967649,24,12,72,0.25
cyclic_24_12,4,1.0,0.8333333333333334,hard,small_mlp,0.8285123966942148,0.8670131922552603,24,12,72,0.25
cyclic_24_12,4,1.0,0.8333333333333334,hard,cosine,0.1322314049586777,0.3444571538310946,24,12,72,0.25
cyclic_24_12,4,1.0,0.8333333333333334,hard,euclidean,0.13636363636363635,0.3443854027814234,24,12,72,0.25
